<?xml version="1.0" encoding="UTF-8"?>
<!DOCTYPE mapper
  PUBLIC "-//mybatis.org//DTD Mapper 3.0//EN"
  "http://mybatis.org/dtd/mybatis-3-mapper.dtd">
 
	<mapper namespace="com.library.mapper.member.SignupMapper">
		
		<!-- 회원가입 -->
		<insert id="signUp">
			insert into member values
				(#{user_id}, #{user_pw}, #{user_name}, #{user_birth}, #{user_tel}, #{user_email}, 
				#{user_zip}, #{user_address}, #{user_address_detail}, 10, 0, 0, "1", current_timestamp )
		</insert>
		
		<!-- 아이디 중복 체크 -->
		<select id="idCheck" resultType="int">
			select count(*) from member where user_id = #{user_id}
		</select>
		
		<!-- 아이디 중복 체크 -->
		<select id="mailCheck" resultType="int">
			select count(*) from member where user_email = #{user_email}
		</select>
		
		<!-- 탈퇴 회원 중 아이디 중복 체크 -->
		<select id="secession_idCheck" resultType="int">
			select count(*) from secession_member where user_id = #{user_id}
		</select>
		
		<!-- 탈퇴 회원 중 메일 중복 체크 -->
		<select id="secession_mailCheck" resultType="int">
			select count(*) from secession_member where user_email = #{user_email}
		</select>
		
		<insert id="auth">
			insert into member_auth values (#{user_id}, "ROLE_MEMBER")
		</insert>
		
	</mapper>