<?xml version="1.0" encoding="UTF-8"?>
<!DOCTYPE mapper
  PUBLIC "-//mybatis.org//DTD Mapper 3.0//EN"
  "http://mybatis.org/dtd/mybatis-3-mapper.dtd">
  
<mapper namespace="com.library.mapper.search.RecommendMapper"> <!-- 인터페이스 참조 -->

	<!-- 추천 도서 리스트 -->
	<select id="recommend_list" resultType="com.library.model.search.BookDTO">
		select *
		  from recommend_book 
		 where recommend_date 
		 	between concat(#{date.year}, '-', #{date.month}, '-01') and concat(#{date.year}, '-', #{date.month}, '-31' )
		 order by rec_no desc
		 limit #{cri.skip}, #{cri.amount}
	</select>
	
	<!-- 추천 도서 권수 -->
	<select id="get_total" resultType="int">
		select count(*)
		  from recommend_book
		 where recommend_date 
		 	between concat(#{year}, '-', #{month}, '-01') and concat(#{year}, '-', #{month}, '-31' )
	</select>
	
	<!-- 추천 도서 등록 -->
	<insert id="regist_book">
		insert into recommend_book  
		values(null, #{user_id}, #{book.book_title}, #{book.book_author}, #{book.book_isbn}, #{book.book_cover},
		#{book.book_pubDate}, #{book.book_publisher}, current_timestamp);
	</insert>
	
	<delete id="delete_book">
		delete
		  from recommend_book
		 where book_isbn = #{book_isbn} and 
		 	   recommend_date 
		 	between concat(#{date.year}, '-', #{date.month}, '-01') and concat(#{date.year}, '-', #{date.month}, '-31' )
	</delete>
	
	
</mapper>  