<?xml version="1.0" encoding="UTF-8"?>
<beans xmlns="http://www.springframework.org/schema/beans"
	xmlns:xsi="http://www.w3.org/2001/XMLSchema-instance"
	xmlns:context="http://www.springframework.org/schema/context"
	xmlns:jdbc="http://www.springframework.org/schema/jdbc"
	xmlns:mybatis-spring="http://mybatis.org/schema/mybatis-spring"
	xsi:schemaLocation="http://www.springframework.org/schema/jdbc http://www.springframework.org/schema/jdbc/spring-jdbc-4.3.xsd
		http://mybatis.org/schema/mybatis-spring http://mybatis.org/schema/mybatis-spring-1.2.xsd
		http://www.springframework.org/schema/beans https://www.springframework.org/schema/beans/spring-beans.xsd
		http://www.springframework.org/schema/context http://www.springframework.org/schema/context/spring-context-4.3.xsd">
	
	
	<bean id="hikariConfig" class="com.zaxxer.hikari.HikariConfig">
      <property name="driverClassName" value="net.sf.log4jdbc.sql.jdbcapi.DriverSpy"/>
      <property name="jdbcUrl" value="jdbc:log4jdbc:mysql://localhost:3306/library?useSSL=false"/>
      <property name="username" value="test2"/>
      <property name="password" value="123"/>
	</bean>

	<bean id="dataSource" class="com.zaxxer.hikari.HikariDataSource" destroy-method="close">
		<constructor-arg ref="hikariConfig" />
	</bean>
   
	<bean id="sqlSessionFactory" class="org.mybatis.spring.SqlSessionFactoryBean">
		<property name="dataSource" ref="dataSource"></property>
		<!-- <property name="mapperLocations" value="classpath:/mapper/*.xml"></property> -->
		<property name="mapperLocations" value="classpath:/mapper/*/*.xml"></property> 
	</bean>
   
   	<mybatis-spring:scan base-package="com.library.mapper"/>
   
   	<context:component-scan base-package="com.library.service"></context:component-scan>
   	
  

   	
   	
   	<!-- gmail설정 -->
	<bean id="mailSender" class="org.springframework.mail.javamail.JavaMailSenderImpl"> 
		<property name="host" value="smtp.gmail.com" />
	    <property name="port" value="587" />
	 	<property name="username" value="library.raon@gmail.com"/> <!-- 자신의 이메일 아이디 -->
	 	<property name="password" value="iaijngmulxscwwvy"/> <!-- 자신의 비밀번호 -->
	 <!-- 보안연결 TLS과 관련된 설정 -->
	 	<property name="javaMailProperties">
	    	<props>
	       		<prop key="mail.smtp.starttls.enable">true</prop>
                <prop key="mail.smtp.auth">true</prop>
                <prop key="mail.transport.protocol">smtp</prop>
                <prop key="mail.debug">true</prop>
                <prop key="mail.smtp.ssl.trust">smtp.gmail.com</prop>
                <prop key="mail.smtp.ssl.protocols">TLSv1.2</prop>
	    	</props>
	    </property>
	</bean>
   
  
   
		
</beans>
