<?xml version="1.0" encoding="UTF-8"?>

<!DOCTYPE mapper
  PUBLIC "-//mybatis.org//DTD Mapper 3.0//EN"
  "http://mybatis.org/dtd/mybatis-3-mapper.dtd">
  
<mapper namespace="com.library.mapper.board.ArticleAttachMapper"> <!-- mapper name  -->

	<insert id="insert">
		insert into attach_file (uuid, upload_path, file_name, file_type, article_no)
		values (#{uuid}, #{upload_path}, #{file_name}, #{file_type}, #{article_no})
	</insert>
	
	<delete id="delete">
		delete from attach_file where uuid = #{uuid}
	</delete>
	
	<delete id="deleteAll">
		delete from attach_file where article_no = #{article_no}
	</delete>
	
	<select id="findByArticle_no" resultType="com.library.model.board.ArticleAttachDTO">
		select * from attach_file where article_no = #{article_no}
	</select>
	
	
 	
 	
 	

</mapper>