<?xml version="1.0" encoding="UTF-8"?>
<!DOCTYPE mapper
  PUBLIC "-//mybatis.org//DTD Mapper 3.0//EN"
  "http://mybatis.org/dtd/mybatis-3-mapper.dtd">
  
<mapper namespace="com.library.mapper.board.NoticeMapper">
	
	<select id="getListPaging" resultType="com.library.model.board.NoticeDTO">
		select * 
		  from notice 
		  <include refid="criteria"></include>
		 order by notice_no desc limit #{skip}, #{amount}
	</select>
	
	<select id="getTotal" resultType="int">
		select count(*) from notice <include refid="criteria"></include>
	</select>
	
	<select id="noticeContent" resultType="com.library.model.board.NoticeDTO">
		select * from notice where notice_no = #{notice_no}
	</select>
	
	<select id="getPrevAndNextPost" resultType="com.library.model.board.NoticeDTO">
		select * from notice where notice_no in (#{notice_no}-1, #{notice_no}+1)
	</select>
	
	<insert id="insert">
		insert 
		  into notice(notice_title, notice_content, writer_id, writer_name, notice_img) 
		values(#{notice_title}, #{notice_content}, #{writer_id}, #{writer_name}, #{notice_img})
		
		<selectKey resultType="Long" keyProperty="notice_no" order="AFTER">
			select last_insert_id()
		</selectKey>
	</insert>
	
	<update id="updateViews">
		update notice
		   set notice_views = notice_views + 1
		 where notice_no = #{notice_no}
	</update>
	
	<delete id="delete">
		delete from notice where notice_no = #{notice_no}
	</delete>
	
	<update id="update">
		update notice 
		   set notice_title = #{notice_title}, notice_content = #{notice_content}
		 where notice_no = #{notice_no}
	</update>
	
	<select id="reset" statementType="CALLABLE">
		call notice_reset()
	</select>
	
	<sql id="criteria">
		<if test="type != null">
			<if test="keyword != null">
			
				<if test="type == 'TC'">
					where notice_title like concat('%', #{keyword}, '%') or notice_content like concat('%', #{keyword}, '%')
				</if>
				
				<if test="type == 'title'">
					where notice_title like concat('%', #{keyword}, '%')
				</if>
                 
				<if test="type == 'content'">
					where notice_content like concat('%', #{keyword}, '%')
				</if>
                 
			</if>
		</if>
	</sql>
	
	
</mapper>
