<?xml version="1.0" encoding="UTF-8"?>
<!DOCTYPE mapper
  PUBLIC "-//mybatis.org//DTD Mapper 3.0//EN"
  "http://mybatis.org/dtd/mybatis-3-mapper.dtd">
 
	<mapper namespace="com.library.mapper.admin.HopeHistoryMapper">
		
		<!-- 희망도서 total -->
		<select id="get_total" resultType="int">
			select count(*) 
			  from hope
			  <include refid="criteria"></include>
		</select>
		
		<!-- 희망 도서 리스트 -->
		<select id="hope_list" resultType="com.library.model.mylib.HopeDTO">
			select * 
			  from hope
			  <include refid="criteria"></include>
			  order by hope_no desc
			  limit #{skip}, #{amount}
		</select>
		
		<!-- 희망 도서 정보 조회 -->
		<select id="hope_info" resultType="com.library.model.mylib.HopeDTO">
			select *
			  from hope
			 where hope_no = #{hope_no}
		</select>
		
		<!-- 희망 도서 취소 -->
		<update id="hope_cancel">
			update hope
			   set hope_status = -1, cancel_reason = #{cancel_reason} 
			 where hope_no = #{hope_no}
		</update>
		
		<!-- 희망 도서 소장 -->
		<update id="hope_own">
			update hope
			   set hope_status = 1, cancel_reason = null
			 where hope_no = #{hope_no}
		</update>
		
		<sql id="criteria">
	        <if test="type != null">
			  	
		  		<if test="type == 'all'">
		  			where hope_status in (-1, 0, 1)
		  		</if>
		  		
		  		<if test="type == 'process'">
		  			where hope_status = 0
		  		</if>
		  		
		  		<if test="type == 'own'">
		  			where hope_status = 1
		  		</if>
		  		
		  		<if test="type == 'cancel'">
		  			where hope_status = -1
		  		</if>
			  		
			</if>
	    </sql>
	</mapper>